slug;target_query;related_queries;cluster;section;intent;markets;title;angle;wave;source;notes
reklama-dlya-stomatologii;реклама для стоматологии;реклама стоматологии|реклама для стоматологической клиники|реклама для стоматолога|таргет для стоматологии|таргетированная реклама для стоматологии|реклама стоматологии в инстаграм|реклама зубной клиники|лиды для стоматологии|контекстная реклама для стоматологии|заказать контекстную рекламу для стоматологии;3a-niches;Ниши;informational;СНГ;Реклама для стоматологии: как получать записи, а не звонки «узнать цену»;Звонок «сколько стоит имплант» и визит на приём — разные вещи: конверсия — пришедший на первичный приём, а главная потеря — администратор, который называет цену и отпускает. Google ловит острую боль рядом с домом, Instagram продаёт плановое лечение.;1;core;Имплантация, ортодонтия и детская стоматология — разделами внутри: своих фраз на отдельные статьи мало
reklama-dlya-stomatologii-primery;реклама для стоматологии примеры;реклама стоматологии примеры|реклама стоматологии текст|реклама стоматологии фото|реклама стоматологии видео|реклама стоматологии баннер;3a-niches;Ниши;informational;СНГ;Реклама для стоматологии: примеры креативов, которым верят пациенты;Разбор креативов под медицинские ограничения Meta: нельзя обращаться к болезни человека и показывать «до и после». Что остаётся и работает — врач в кадре, оборудование, гарантия и честная цена «от» с условиями.;4;core;Только свои или обезличенные примеры, без чужих клиник по имени
reklama-dlya-kliniki;реклама для клиники;реклама медицинской клиники|реклама клиники пример|реклама клиники видео;3a-niches;Ниши;informational;СНГ;Реклама для клиники: как считать запись, а не заявку;Заявка ещё не пациент: считать нужно дошедших до врача и оплативших, сверяя с журналом записи. Где теряется — неявки, перезвон через час, запись по телефону без источника; как возвращать пришедших в рекламный кабинет офлайн-событием.;1;core;
reklama-dlya-medicinskogo-centra;реклама для медицинского центра;реклама медцентра|реклама медицинских услуг|реклама платных медицинских услуг|реклама медицинских услуг примеры;3a-niches;Ниши;informational;СНГ;Реклама для медицинского центра: какие услуги вести первыми;У многопрофильного центра десятки услуг и один бюджет: выбирать направления по марже, свободным часам врачей и повторным визитам (чекап или анализы как вход), а не рекламировать всё сразу.;1;core;
reklama-medicinskih-uslug-trebovaniya;реклама медицинских услуг требования;реклама медицинских услуг лицензия|реклама медицинских услуг без лицензии|реклама медицинских услуг закон|реклама лазерной эпиляции без лицензии;3a-niches;Ниши;informational;СНГ;Реклама медицинских услуг: требования, лицензия и запреты Instagram;Почему Instagram отклоняет рекламу клиники и что проверить до запуска: правила Meta о здоровье (личные признаки, «до и после», рецептурные препараты) плюс требование лицензии в законе о рекламе своей страны.;4;suggest:kz;Российский закон не брать: правила Meta и схема сверки с законом страны клиента
reklama-dlya-vrachey;реклама для врачей;реклама врача|реклама врача пример|реклама врача терапевта|реклама врача педиатра|реклама врача гинеколога|реклама врача невролога|реклама врача уролога|реклама врача эндокринолога|реклама врача стоматолога;3a-niches;Ниши;informational;СНГ;Реклама для врача: как частному специалисту получать пациентов;Частный врач продаёт себя, а не клинику: доверие к конкретному человеку, запись на его часы, отзывы и экспертный контент как креатив. Ограничения — ёмкость одного врача и правила медицинской рекламы.;4;core;
reklama-plasticheskoy-hirurgii;реклама пластической хирургии;реклама клиники пластической хирургии|креативная реклама пластической хирургии|реклама клиники косметологии;3a-niches;Ниши;informational;СНГ;Реклама пластической хирургии: как довести до консультации хирурга;Операцию обдумывают месяцами и выбирают хирурга, а не клинику: целевое действие — очная консультация с предоплатой, путь к ней ведёт контент о хирурге и безопасности. Заявки чаще теряются между онлайн-консультацией и датой операции.;4;suggest:kz;Клиники эстетической медицины — сюда же
reklama-dlya-optiki;реклама для оптики;реклама оптики|реклама салона оптики|реклама магазина оптики|реклама оптики текст|реклама оптики фото|креативная реклама оптики;3a-niches;Ниши;informational;СНГ;Реклама для оптики: запись на проверку зрения вместо охоты за скидкой;Очки покупают после проверки зрения, поэтому целевое действие — запись к оптометристу, а не клик по скидке на оправы. Солнцезащитные очки сезонны, линзы — повторная покупка, и под каждое своё предложение.;4;core;
reklama-dlya-salona-krasoty;реклама для салона красоты;реклама для салон красоты|реклама салона красоты|таргет для салона красоты|таргетированная реклама для салона красоты|реклама для салона красоты самая эффективная|реклама для салона;3a-niches;Ниши;informational;СНГ;Реклама для салона красоты: запись, а не подписчики;Подписчики не записываются: считать нужно запись с предоплатой и повторный визит. Рекламу вести на конкретную услугу и мастера со свободными окнами, а не на «наш салон»; главная потеря — ответ в директе через час.;1;core;
reklama-dlya-salona-krasoty-primer;реклама для салона красоты пример;реклама для салона красоты текст|реклама для салона красоты фото|реклама салона красоты текст пример|реклама салона красоты видео|креативная реклама салона красоты|креативная реклама салона красоты текст|баннер реклама для салона красоты|реклама салона красоты баннер;3a-niches;Ниши;informational;СНГ;Реклама для салона красоты: примеры текстов, которые ведут на запись;Разбор текстов и видео салона, которые приводят запись: услуга, цена, ближайшее окно и мастер в кадре. Почему «скидка на всё» собирает разовых охотников за акциями и как это видно по повторным визитам.;4;core;
reklama-dlya-mastera-manikyura;реклама для мастера маникюра;реклама для маникюра|реклама маникюра|реклама мастера маникюра|таргет для мастера маникюра|таргетированная реклама для мастера маникюра|реклама маникюра в инстаграме|реклама для ногтей|реклама для начинающего мастера маникюра;3a-niches;Ниши;informational;СНГ;Реклама для мастера маникюра: как понять, что она окупается;У мастера ограничено число окон, а чек небольшой: реклама нужна под пустые окна и окупается только повторными визитами, поэтому считать надо клиентку за полгода, а не первый визит. Отдельно — что делать начинающему мастеру без портфолио.;4;core;Только платная реклама: поиск клиентов без рекламы — в кластере «где найти клиентов»
reklama-manikyura-primery;реклама маникюра примеры;реклама для маникюра текст|реклама маникюра текст|реклама маникюра текст пример|реклама маникюра фото|креативная реклама маникюра текст|реклама мастера маникюра текст;3a-niches;Ниши;informational;СНГ;Реклама маникюра: примеры фото и текстов, на которые записываются;Разбор креативов маникюра: крупный план рук при дневном свете, дизайн рядом с ценой, видео процесса. Почему фото из Pinterest и «запись по ссылке в профиле» не дают записей.;4;suggest:kz;
reklama-dlya-narashchivaniya-resnic;реклама для наращивания ресниц;реклама для лешмейкера|реклама для ресниц|реклама для наращивания ресниц текст|реклама для ламинирования ресниц|реклама для бровиста|реклама для бровиста текст;3a-niches;Ниши;informational;СНГ;Реклама для наращивания ресниц: от первого визита к коррекциям;Ламинирование и брови — входные услуги, прибыль в коррекциях, поэтому считать надо удержание после первого визита. Креатив — крупный план и вид через неделю носки; возражения — аллергия, вред своим ресницам, стерильность.;4;core;Бровист — разделом внутри: своих фраз на отдельную статью мало
reklama-dlya-kosmetologa;реклама для косметолога;реклама косметолога|таргет для косметолога|таргет для косметологов|таргетолог для косметолога|эффективная реклама для косметолога|реклама косметолога в инстаграм|реклама услуг косметолога|реклама для косметолога эстетиста|реклама косметолога эстетиста;3a-niches;Ниши;informational;СНГ;Реклама для косметолога: как продавать процедуру, а не «уход за собой»;Продавать конкретную процедуру с понятным результатом и ценой, а не абстрактный уход. Входная процедура (чистка, пилинг) как шаг к курсу; для инъекций — ограничения рекламы рецептурных препаратов и лицензии.;1;core;
reklama-dlya-kosmetologa-primer;реклама для косметолога пример;реклама для косметолога текст|реклама косметолога текст|реклама косметолога пример|реклама косметолога фото|красивая реклама косметолога|лучшая реклама косметолога;3a-niches;Ниши;informational;СНГ;Реклама для косметолога: примеры креативов без «до и после»;Какие креативы косметолога пропускает модерация и на что записываются: без «до и после» и без названий препаратов в тексте. Работают видео процедуры, объяснение результата словами и лицо специалиста.;4;core;
reklama-dlya-permanentnogo-makiyazha;реклама для перманентного макияжа;реклама перманентного макияжа|реклама перманентного макияжа текст|реклама перманентного макияжа бровей|реклама мастера перманентного макияжа;3a-niches;Ниши;informational;СНГ;Реклама для перманентного макияжа: портфолио как основной креатив;Клиентка боится неудачного результата на годы, поэтому решает портфолио — заживший результат, а не свежий. Конверсия — консультация с эскизом; возражения — боль, «синие брови», коррекция.;1;core;
reklama-dlya-lazernoy-epilyacii;реклама для лазерной эпиляции;реклама лазерной эпиляции|реклама студии лазерной эпиляции|реклама лазерной эпиляции для мужчин|реклама для лазерной эпиляции словами|реклама лазерной эпиляции текст|реклама лазерной эпиляции видео|реклама лазерной эпиляции фото|креативная реклама лазерной эпиляции;3a-niches;Ниши;informational;СНГ;Реклама для лазерной эпиляции: как считать курс, а не первый визит;Результат даёт курс из нескольких процедур: считать надо оплату курса и возврат на вторую процедуру, а не первый визит по акции. Сезонность — начинать осенью; мужчины — отдельный оффер.;1;core;
reklama-dlya-parikmaherskoy;реклама для парикмахерской;реклама для парикмахерская|реклама для парикмахерской фото|реклама для парикмахера|реклама для парикмахера текст|реклама для парикмахера для привлечения клиентов|реклама для волос|реклама для кератина|реклама для кератина и ботокса|реклама для мастера кератина;3a-niches;Ниши;informational;СНГ;Реклама для парикмахерской: на какие услуги вести клиентов;Стрижка дешёвая и частая, окрашивание и кератин дорогие и редкие: реклама окупается на сложных услугах, а клиент привязывается к мастеру, а не к вывеске. Как вести рекламу, чтобы клиенты не уходили вместе с мастером.;4;core;Кератин — разделом внутри
reklama-dlya-barbershopa;реклама для барбершопа;реклама барбершопа|реклама барбершопа текст|креативная реклама барбершопа|reklama barbershop|barbershop реклама барбершопа;3a-niches;Ниши;informational;СНГ;Реклама для барбершопа: от первой стрижки к постоянному клиенту;Мужчина выбирает барбершоп по атмосфере и мастеру и потом ходит годами: реклама приводит на первый визит в своём районе, а окупает её регулярность. Креатив — процесс и атмосфера, а не прайс; потеря — онлайн-запись без свободных слотов.;4;core;
target-dlya-byuti-mastera;таргет для бьюти мастера;реклама для бьюти мастеров|таргет для бьюти|таргетолог для бьюти;3a-niches;Ниши;informational;СНГ;Таргет для бьюти-мастера: когда реклама окупается, а когда нет;Стоит ли частному мастеру вообще платить за рекламу: считать от свободных окон и цены услуги, когда хватает профиля и сарафана. Как проверить таргетолога, который обещает «поток клиентов».;4;core;Статья-развилка: ссылки на статьи про конкретные бьюти-услуги
target-dlya-tatu-mastera;таргет для тату мастера;реклама для тату мастера|таргетолог для тату мастера|реклама тату салона|реклама тату салона текст;3a-niches;Ниши;informational;СНГ;Таргет для тату-мастера: как искать клиентов под свой стиль;Тату выбирают по стилю мастера: креатив — работы в своём стиле, а не «все виды тату». Аудитория только 18+, решение долгое, конверсия — консультация с эскизом и предоплата.;4;core;
reklama-dlya-massazhista;реклама для массажиста;таргетированная реклама для массажиста|реклама для массажа|реклама массажа|реклама массажа на дому|реклама массажа лица|реклама для массажиста текст|реклама массажа текст|реклама массажа фото;3a-niches;Ниши;informational;СНГ;Реклама для массажиста: как пройти модерацию и продавать курс;Модерация Meta легко принимает массаж за услуги для взрослых: какие фото и слова ведут к отклонению. Оффер — курс лечебного массажа против разового расслабляющего; выезд на дом — отдельный вопрос доверия и безопасности.;4;core;
reklama-dlya-yurista;реклама для юриста;реклама для юристов|таргет для юриста|реклама юриста|реклама услуг юриста|привлечение клиентов для юристов;3a-niches;Ниши;informational;СНГ;Реклама для юриста: обращения по делу, а не консультации даром;Бесплатная консультация собирает любопытных: как квалифицировать обращение в форме (суть дела, сумма, сроки) и считать подписанный договор. Какие категории дел окупаются в Instagram, а какие — только в поиске Google.;1;core;
reklama-dlya-yuridicheskoy-kompanii;реклама для юридической компании;реклама для юридических услуг|реклама юридических услуг|лиды для юридических компаний;3a-niches;Ниши;informational;СНГ;Реклама для юридической компании: какое направление продвигать первым;У компании несколько практик: выбирать направление по среднему чеку и доле подписанных договоров, быстро распределять обращения между юристами. Абонемент для бизнеса и дела частных лиц — разные воронки.;4;core;
lidy-dlya-yuristov;лиды для юристов;купить качественные лиды для юристов|лиды для юристов отзывы|лиды для адвокатов;3a-niches;Ниши;informational;СНГ;Лиды для юристов: покупать у лидогенератора или вести свою рекламу;Покупные лиды часто продают нескольким фирмам сразу: как проверить эксклюзивность, условия возврата и качество, почему считать надо цену договора, а не лида, и когда своя реклама выходит дешевле.;4;core;Без названий конкретных лидогенераторов
reklama-yuridicheskih-uslug-primer;реклама юридических услуг пример;реклама юридических услуг текст|реклама юридических услуг фото|креативная реклама юридических услуг|реклама юриста пример|реклама юриста текст|креативная реклама юриста;3a-niches;Ниши;informational;СНГ;Реклама юридических услуг: примеры без обещаний выиграть дело;Юрист не может обещать результат и раскрывать дела клиентов: разбор креативов, которые работают без гарантий — типовая ситуация, срок и цена первого шага, лицо юриста. Какие формулировки режет модерация.;4;suggest:kz;
reklama-dlya-advokata;реклама для адвоката;реклама адвоката|реклама услуг адвоката|реклама адвоката в интернете|реклама адвоката пример|лиды для адвоката;3a-niches;Ниши;informational;СНГ;Реклама для адвоката: почему дешёвые заявки здесь опаснее дорогих;У адвокатов свои этические ограничения на рекламу, их сверяют до запуска. Дешёвые заявки приводят тех, кто не готов платить за защиту; срочные уголовные дела ищут в Google, а не в ленте.;1;core;Сверить правила адвокатской палаты страны клиента
reklama-bankrotstva-fizicheskih-lic;реклама банкротства физических лиц;реклама банкротства|лиды для банкротства|лиды на банкротство физических лиц|лиды для бфл|разработка и ведение контекстной рекламы для компании по банкротству;3a-niches;Ниши;informational;СНГ;Реклама банкротства физических лиц: как отсеять тех, кому нечего списывать;Большая часть откликов — люди, которым процедура не подходит: квалификация в форме (сумма долга, доход, имущество), конверсия — заключённый договор. Обещание «спишем все долги» режет и модерация, и доверие.;1;suggest:kz;Процедура и условия разные по странам: сверять закон страны клиента, российскую практику не брать
reklama-dlya-buhgalterskih-uslug;реклама для бухгалтерских услуг;реклама бухгалтерских услуг|лиды на бухгалтерские услуги|реклама бухгалтерских услуг пример|креативная реклама бухгалтерских услуг|реклама на фейсбук бухгалтерський облік;3a-niches;Ниши;commercial;СНГ;Реклама для бухгалтерских услуг: клиент на годы, а не на один отчёт;Клиент бухгалтерии платит каждый месяц годами, поэтому допустимая цена заявки считается от срока обслуживания. Решение принимают перед отчётностью или после штрафа — оффер под этот момент.;4;core;
lidy-dlya-mfo;лиды для мфо;реклама мфо|лиды для кредитных брокеров|лиды для банков;3a-niches;Ниши;informational;СНГ;Лиды для МФО и кредитных брокеров: как не платить за отказы;Анкета на займ ничего не стоит, если по ней отказ: считать выданные займы и возвраты, а не заявки. Ограничения Meta для финансовых объявлений сужают таргетинг, поэтому отбор делают оффер и форма.;4;core;Перед написанием сверить актуальные правила Meta для финансовых услуг по странам
reklama-dlya-banka;реклама для банка;привлечение клиентов в банк|лиды на рко|трафик на рко|трафик на банки|трафик на банки это;3a-niches;Ниши;informational;СНГ;Реклама для банка: считать открытые счета, а не анкеты;Открытая заявка ещё не клиент: считать активированную карту или открытый счёт после проверки. Для расчётного счёта решает предприниматель вместе с бухгалтером; партнёрский трафик — где риск накрутки.;4;core;Реалистичный клиент — небольшой банк или финтех, не крупный банк с тендером
reklama-dlya-strahovogo-agenta;реклама для страхового агента;реклама страховой компании|реклама страховой компании пример|реклама страховой компании текст;3a-niches;Ниши;informational;СНГ;Реклама для страхового агента: как успеть к моменту покупки полиса;Полис покупают в момент события — покупка машины, поездка, конец старого полиса: реклама ловит этот момент и напоминает к дате продления. Конверсия — оформленный полис, а не расчёт стоимости.;4;suggest:kz;
reklama-dlya-agentstva-nedvizhimosti;реклама для агентства недвижимости;реклама агентства недвижимости|таргет для агентства недвижимости|лиды для агентства недвижимости|лиды для агентств недвижимости|реклама агентства недвижимости пример|реклама агентства недвижимости текст|креативная реклама агентства недвижимости;3a-niches;Ниши;informational;СНГ;Реклама для агентства недвижимости: где теряются заявки до сделки;Между заявкой и сделкой месяцы и несколько показов. Где теряются — медленный ответ, агент без CRM, заявка на объект, который уже продан; что считать конверсией на каждом шаге.;1;core;
lidy-na-nedvizhimost;лиды на недвижимость;лиды для недвижимости|лиды на недвижимость купить|лидогенерация в недвижимости|лиды для агентства недвижимости что это|стоимость лида в недвижимости;3a-niches;Ниши;informational;СНГ;Лиды на недвижимость: купить, заказать или собирать самому;Купить базу, заказать лидогенерацию или вести свою рекламу: чьи это контакты, сколько раз их перепродают, как проверить. Допустимую цену лида считать от комиссии со сделки и доли дошедших до показа.;4;core;
reklama-dlya-zastroyshchika;реклама для застройщика;реклама для застройщиков|реклама застройщика|лиды для застройщиков|контекстная реклама для застройщиков|креативная реклама застройщика|реклама квартир от застройщика;3a-niches;Ниши;informational;СНГ;Реклама для застройщика: что считать заявкой и что показывать в креативе;Для застройщика заявка лишь начало: считать визит в отдел продаж и бронь. Креатив меняется со стадией стройки — на котловане продают цену и рассрочку, в готовом доме вид из окна и двор.;1;core;
reklama-novostroek;реклама новостроек;лиды на новостройки|реклама новостроек текст|креативная реклама новостроек|таргетированная реклама недвижимости|таргет недвижимость|таргетолог для недвижимости|реклама для недвижимости;3a-niches;Ниши;informational;СНГ;Реклама новостроек в Instagram: сегменты покупателей, которые окупаются;Инвестор, семья под ипотеку и переезжающий из другой страны покупают разное: свой оффер и креатив на каждый сегмент. Почему реклама «для всех» даёт дешёвые, но пустые заявки.;1;suggest:kz;
reklama-dlya-rieltora;реклама для риэлтора;реклама риэлтора|эффективная реклама для риэлтора|реклама услуг риэлтора|реклама себя как риэлтора|реклама риэлтора в соцсетях пример|реклама риэлтора текст|креативная реклама риэлтора|лиды для риэлторов;3a-niches;Ниши;informational;СНГ;Реклама для риэлтора: как получать объекты, а не только покупателей;Частный риэлтор продаёт себя: деньги в эксклюзивных объектах от продавцов, а не в покупателях, за которыми бегают все. Креатив — знание района и сделок, конверсия — встреча с собственником.;4;core;
reklama-dlya-stroitelnoy-kompanii;реклама для строительной компании;реклама строительной компании|лиды для строительной компании|лиды для строительных компаний|реклама строительной компании пример|реклама строительной компании текст|креативная реклама строительной компании|реклама каркасных домов|лиды на строительство каркасных домов;3a-niches;Ниши;informational;СНГ;Реклама для строительной компании: частный дом и долгое решение;Частный дом обдумывают месяцами: квалификация — есть ли участок и бюджет, конверсия — встреча и смета, а не заявка на каталог. Решают зимой, строят летом; каркас и кирпич — разные покупатели.;4;core;Каркасные дома — разделом внутри
reklama-remonta-kvartir;реклама ремонта квартир;реклама ремонта под ключ|таргет для ремонта под ключ|креативная реклама ремонта квартир|лиды на ремонт|реклама ремонта;3a-niches;Ниши;informational;СНГ;Реклама ремонта квартир: как не собирать заявки «просто посчитать»;Большая часть заявок — «просто посчитать» для сравнения: как отсеивать в форме (площадь, ключи на руках, сроки) и считать выезд на замер и договор. Креатив — объекты в процессе, а не только финальные фото.;1;suggest:kz;
reklama-dlya-natyazhnyh-potolkov;реклама для натяжных потолков;реклама натяжных потолков|лиды на натяжные потолки|реклама натяжных потолков текст|реклама натяжных потолков фото|видео реклама натяжных потолков|креативная реклама натяжных потолков;3a-niches;Ниши;informational;СНГ;Реклама для натяжных потолков: цена заявки и цена замера;Цена заявки обманывает: платите вы за замер и договор, а бесплатный замер собирает сравнивающих цены. Как считать долю замеров, дошедших до договора, и куда перекладывать бюджет.;1;core;
reklama-dlya-okon;реклама для окон;реклама окон|реклама для окна|реклама окон пвх|реклама оконной компании|реклама окон и дверей|реклама окон текст;3a-niches;Ниши;informational;СНГ;Реклама для окон: как отделить замену одного окна от объекта;Замена одного окна и остекление всей квартиры или дома — разные деньги и разная работа замерщика: как разделить их в оффере и форме. Сезонность — пик перед холодами.;1;core;
reklama-dlya-dverey;реклама для дверей;реклама дверей|реклама для двери|реклама межкомнатных дверей|реклама дверей видео|реклама дверей фото|креативная реклама дверей;3a-niches;Ниши;informational;СНГ;Реклама для дверей: входные и межкомнатные продаются по-разному;Входную дверь покупают ради безопасности и тишины, межкомнатные — на этапе ремонта и сразу комплектом: разные офферы, креативы и моменты. Конверсия — визит в салон или замер.;4;core;
reklama-kuhon-na-zakaz;реклама кухонь на заказ;реклама кухни на заказ|реклама кухонь|реклама кухни|реклама кухни текст|креативная реклама кухни|реклама стильные кухни;3a-niches;Ниши;informational;СНГ;Реклама кухонь на заказ: как сопровождать клиента в долгом выборе;Кухню выбирают неделями и сравнивают несколько фабрик: конверсия — дизайн-проект или замер, дальше нужно сопровождение ретаргетингом. Где теряется — дизайнер отвечает через два дня.;1;suggest:kz;
